name,id,rating,address,aisummary
삐에스몽테제빵소,1798358924,3.4,수원시 권선구 오목천로 149,
오렌지 베이글,534778269,4.5,수원시 권선구 오목천로 129 1-2층,
하얀풍차제과 망포역점,19539402,,수원시 영통구 영통로 195 골든스퀘어 1층 130호,
홍종흔베이커리 광교엘포트점,2024314745,3.6,수원시 영통구 광교중앙로 145 광교엘포트아이파크 1층,
플렁드,346317197,4.2,"수원시 장안구 율전로 91 1층,좌측","분위기: 아기자기한, 따뜻한, 소품으로 꾸며진 / 방문 목적: 간식, 디저트 구매 / 맛: 달콤한, 짭조름한 / 동반인: 친구·지인, 가족, 연인·데이트 커플"
밀베이커리 호매실점,1428213232,3.6,수원시 권선구 호매실로218번길 128 아트프라자 1층 103호,
아우어베이커리 광교앨리웨이점,615360935,3.1,"수원시 영통구 광교호수공원로 80 광교아이파크 에프동 1층 139, 140호","분위기: 아늑한, 편안한, 넓고 쾌적한 / 방문 목적: 데이트 / 맛: 달콤한 / 동반인: 친구·지인, 가족, 연인·데이트 커플"
찐스뉴욕베이글 수원본점,1421195911,4.6,수원시 장안구 송정로187번길 75 1층,"분위기: 아늑한 인테리어 / 방문 목적: 아침식사, 가성비 좋은 식사 / 맛: 쫄깃한, 달달한, 담백한, 고소한 / 동반인: 친구·지인, 가족, 비즈니스·직장 모임"
오직유과자집,1924550713,3.6,수원시 영통구 영통로154번길 56,"분위기: 따뜻한 분위기, 아담한 / 방문 목적: 디저트 즐기기, 답례품 구매 / 맛: 달달한, 바삭한 / 동반인: 친구·지인, 가족, 연인·데이트 커플"
베이콜로지 빵학개론 수원영통점,1969347427,4.3,"수원시 영통구 신원로250번길 13 현대테라타워 영통 지하1-2층 L147, G219호","분위기: 넓고 아늑한, 프리미엄 복합공간, 편안한 분위기 / 방문 목적: 데이트, 스터디, 브런치 / 맛: 매운, 신선한, 고소한, 쫄깃한 / 동반인: 친구·지인, 가족, 비즈니스·직장 모임, 혼밥·혼술"
르디투어 광교점,1706937137,4.1,수원시 영통구 웰빙타운로36번길 46-234,"분위기: 감각적인 인테리어, 자연광이 잘 들어오는 / 방문 목적: 브런치, 데이트 / 맛: 고소한, 달콤한, 짭조름한 / 동반인: 친구·지인, 가족, 연인·데이트 커플, 어린이 동반"
파리바게뜨 수원메르디앙점,12364544,4.3,"수원시 팔달구 팔달문로130번길 69 아이월드 가동 101,102호",
케이키케이키,2031481620,5.0,수원시 팔달구 효원로249번길 46-12,"분위기: 핑크핑크한, 아기자기한, 키치한 / 방문 목적: 기념일 / 동반인: 친구·지인, 가족, 연인·데이트 커플"
파리바게뜨 수원시청역,13007147,3.4,수원시 팔달구 권광로 181 씨네파크 1층 104호,"분위기: 깔끔하고 쾌적한 / 방문 목적: 가벼운 간식, 다이어트 / 맛: 신선한, 따뜻한, 짭짤한 / 동반인: 친구·지인, 가족, 어린이 동반"
파리바게뜨 장안구청점,21317660,3.6,수원시 장안구 송원로 81 메가플러스 A동 1층 115호,
삐에스몽테제빵소,1798358924,3.4,수원시 권선구 오목천로 149,"분위기: 한옥 감성, 아늑한, 힐링 공간 / 방문 목적: 가족 모임/행사, 브런치 / 맛: 고소한, 쫀득한 / 동반인: 친구·지인, 가족, 연인·데이트 커플"
오렌지 베이글,27303422,4.5,수원시 권선구 오목천로 129 1-2층,
하얀풍차제과 망포역점,123109473,,수원시 영통구 영통로 195 골든스퀘어 1층 130호,"분위기: 유럽 감성, 아늑한 분위기, 감성적인 인테리어 / 방문 목적: 브런치, 쇼핑중 식사 / 맛: 쫄깃한, 달콤한, 짭짤한 / 동반인: 친구·지인, 가족, 연인·데이트 커플"
홍종흔베이커리 광교엘포트점,1071538413,3.6,수원시 영통구 광교중앙로 145 광교엘포트아이파크 1층,"분위기: 아기자기한, 포근한 / 방문 목적: 연말모임 / 맛: 달달한 / 동반인: 친구·지인, 가족, 연인·데이트 커플"
플렁드,15457127,4.2,"수원시 장안구 율전로 91 1층,좌측",
밀베이커리 호매실점,1995692749,3.6,수원시 권선구 호매실로218번길 128 아트프라자 1층 103호,
아우어베이커리 광교앨리웨이점,1175442616,3.1,"수원시 영통구 광교호수공원로 80 광교아이파크 에프동 1층 139, 140호",
찐스뉴욕베이글 수원본점,1287784084,4.6,수원시 장안구 송정로187번길 75 1층,
오직유과자집,565997743,3.6,수원시 영통구 영통로154번길 56,"분위기: 깔끔한 느낌, 넓은 공간감 / 방문 목적: 빵지순례, 데이트, 간식 / 맛: 달콤한, 고소한 / 동반인: 친구·지인, 가족, 연인·데이트 커플"
베이콜로지 빵학개론 수원영통점,1229213748,4.3,"수원시 영통구 신원로250번길 13 현대테라타워 영통 지하1-2층 L147, G219호",
르디투어 광교점,374158422,4.1,수원시 영통구 웰빙타운로36번길 46-234,"분위기: 빈티지한 스타일, 힙한 감성 / 방문 목적: 데이트 / 맛: 버터리한, 짭짤한 / 동반인: 친구·지인, 가족, 연인·데이트 커플"
파리바게뜨 수원메르디앙점,1510137995,4.3,"수원시 팔달구 팔달문로130번길 69 아이월드 가동 101,102호",
케이키케이키,12364587,5.0,수원시 팔달구 효원로249번길 46-12,
파리바게뜨 수원시청역,1647324183,3.4,수원시 팔달구 권광로 181 씨네파크 1층 104호,
파리바게뜨 장안구청점,1811261332,3.6,수원시 장안구 송원로 81 메가플러스 A동 1층 115호,
파리바게뜨 수원신매탄점,12364475,3.3,수원시 영통구 효원로 381 새롬프라자16차 1층,
뺑오르방,1986068774,3.5,수원시 영통구 센트럴파크로128번길 105 1층,
런던베이글뮤지엄 수원점,1003245815,2.9,수원시 장안구 수성로 175 2층,"분위기: 깔끔한 느낌, 편안한 분위기 / 방문 목적: 빵지순례, 간식 / 맛: 달콤한, 짭짤한 / 동반인: 친구·지인, 가족, 연인·데이트 커플"
슈케익하우스 수원본점,726046907,3.7,수원시 팔달구 향교로 36 1층,"분위기: 아담한, 아늑한 / 방문 목적: 간식, 빵지순례 / 맛: 달콤한, 쫀득한, 고소한 / 동반인: 친구·지인, 가족"
뚜레쥬르 수원정자시장점,12364589,3.3,수원시 장안구 수성로262번길 2 1층,
빵장수단팥빵 수원인계점,1414348900,3.9,수원시 권선구 권광로 145 1층,"분위기: 아기자기한, 깔끔한, 편안한 / 방문 목적: 기념일 / 맛: 달콤한, 상큼한 / 동반인: 친구·지인, 가족, 연인·데이트 커플"
복호두 수원시청역점,19392866,4.0,수원시 팔달구 효원로 278,
밀도 광교앨리웨이점,184266799,2.5,수원시 영통구 광교호수공원로 80 141~143호,"분위기: 편안한 분위기, 깨끗한 인테리어 / 방문 목적: 간식, 디저트 구매 / 맛: 고소한 / 동반인: 친구·지인, 가족, 어르신"
하얀풍차제과 곡반점,867909488,,"수원시 권선구 곡반정로 160 라퍼스트 1동 134~136, 201, 228,229호",
호작도,2095118943,4.5,수원시 팔달구 화서문로75번길 7 1층,"분위기: 넓은 공간, 쾌적한 분위기, 깔끔한 인테리어 / 방문 목적: 브런치, 카페 데이트 / 맛: 달달한 / 동반인: 친구·지인, 가족, 어린이 동반"
솔트팩토리,1738737700,3.7,수원시 팔달구 화서문로45번길 15-6 1층,"분위기: 깔끔한, 아담한, 친절한 서비스 / 방문 목적: 답례품 구매, 간식 / 맛: 달콤한, 고소한 / 동반인: 친구·지인, 가족, 비즈니스·직장 모임"
뚜레쥬르 카페서수원점,1785325479,2.6,수원시 권선구 서부로 1822-55 1층,"분위기: 아늑한, 따뜻한, 우드톤 인테리어, 감성적인 / 방문 목적: 데이트 / 맛: 달달한, 고소한 / 동반인: 친구·지인, 가족"
파리바게뜨 권선3지구점,1530556640,2.7,수원시 권선구 동수원로 218-39 상가 116호,
베이크샵루아,36497705,4.5,수원시 팔달구 신풍로63번길 11-3 2층,
마미아뜰리에,1749639598,3.0,수원시 영통구 권선로882번길 31-29 1층 101호,"분위기: 아늑하고 편안한, 넓고 편안한 / 방문 목적: 가벼운 간식, 가벼운 점심 / 맛: 달콤한, 고소한 / 동반인: 친구·지인, 가족"
달구름빵,2024188411,4.4,수원시 권선구 매곡로 100 동성아파트 상가 1층 104호,
뚜레쥬르 수원정자점,1886328941,3.0,수원시 장안구 대평로 80 정연메이져빌딩 1층 116~118호,
몽뻬르,1928946315,4.4,수원시 장안구 파장로 70 1-2층,"분위기: 아늑한 / 방문 목적: 간식 / 맛: 쫄깃한, 짭조름한, 달콤한 / 동반인: 친구·지인, 가족"
몽소 베이커리앤카페 광교점,181054736,4.5,수원시 영통구 대학4로 9 리치프라자2 1층 113호,
파리바게뜨 곡반정동점,1394434102,4.0,수원시 권선구 곡선로50번길 37-2,"분위기: 아늑한, 귀여운 인테리어 / 방문 목적: 간식, 생일 케이크 구매 / 맛: 달콤한 / 동반인: 친구·지인, 가족"
베린 드 르페르,292663129,4.6,수원시 영통구 법조로 25 SK뷰레이크 1층 150호,
파리바게뜨 영통청명점,12064896,4.7,수원시 영통구 봉영로 1623 드림피아빌딩 109호,
오사르르,1086781141,3.0,수원시 영통구 센트럴파크로127번길 72 1층,
밀종베이커리카페,850251262,3.9,"수원시 권선구 금호로 161 1,2층","분위기: 소나무 숲 뷰, 갤러리 같은 느낌, 넓고 쾌적한 공간감 / 방문 목적: 카공, 모임, 힐링 / 맛: 고소한, 담백한, 달콤한 / 동반인: 친구·지인, 가족, 연인·데이트 커플"
롤링핀 광교 법조타운점,648574186,4.0,수원시 영통구 광교중앙로248번길 95-5 용현법조타워,"분위기: 넓고 쾌적한 / 방문 목적: 브런치, 디저트 구매, 카페 데이트 / 맛: 고소한, 달달한 / 동반인: 친구·지인, 가족"
복호두 수원호매실점,27346437,5.0,수원시 권선구 금곡로102번길 30 폴리프라자 1층 109호,"분위기: 유럽풍, 아늑한, 힙한 / 방문 목적: 브런치, 데이트 / 맛: 고소한, 달콤한, 짭짤한 / 동반인: 친구·지인, 가족, 연인·데이트 커플"
콜링우드베이커리,1249268852,4.0,수원시 팔달구 화서문로46번길 14 1층,
용소담케이크,1703601351,4.0,수원시 팔달구 화양로21번길 36 1층,
뚜레쥬르 수원역푸르지오자이점,1894092569,4.6,수원시 팔달구 팔달로 63 리더스프라자 1층 109~111호,
윤쉐프정직한제빵소 수원점,256070971,2.9,수원시 권선구 칠보로 150,"분위기: 아늑한, 힐링되는 / 방문 목적: 기념일 / 맛: 달달한 / 동반인: 친구·지인, 가족, 연인·데이트 커플"
루아즈블랑제리,2024188411,5.0,수원시 팔달구 정조로777번길 8 1층,
복호두 수원망포점,615859503,3.8,수원시 영통구 덕영대로 1478 포레스퀘어 1층 123호,
밀크로프,14863121,4.8,수원시 영통구 봉영로 1612 보보스프라자 1층 124호,
브레드바이백,261309663,4.9,수원시 장안구 수성로245번길 30,
파파노아이 신동점,162575591,4.1,수원시 영통구 권선로882번길 65-14 102호,
제이스토리케이크,1731070403,4.0,수원시 팔달구 중부대로 245 1층,
파리바게뜨 정자동신점,378927798,3.3,수원시 장안구 장안로 226 상가 1층 8호,"분위기: 깔끔하고 고급스러운 공간, 넓은 공간감 / 방문 목적: 브런치, 디저트 구매, 쇼핑중 식사 / 맛: 진한, 상큼한, 짭짤한 / 동반인: 친구·지인, 가족, 연인·데이트 커플"
달보드레 유기농제빵소,27153549,4.4,수원시 팔달구 행궁로 24 1층,
피노베이커리까페,12364486,4.5,"수원시 장안구 경수대로1220번길 30-47 지하1층, 1층",
슬로 서수원,27297743,3.1,수원시 권선구 금곡로197번길 18-73 LOFT153 1층 106호,"분위기: 청결한 / 방문 목적: 간식, 디저트, 가벼운 식사 / 맛: 고소한 / 동반인: 친구·지인, 가족, 연인·데이트 커플"
오봉베르,1591753205,,수원시 영통구 센트럴파크로127번길 142 지하 1층,"분위기: 아기자기한 인테리어, 편안한 분위기 / 방문 목적: 데이트, 피크닉 / 맛: 달달한, 버터향 가득, 구수한 / 동반인: 친구·지인, 가족, 연인·데이트 커플"
호뜨프라하,312062441,4.5,수원시 팔달구 화서문로17번길 56 1-2층,
제라케이크,539654144,5.0,수원시 권선구 세지로42번길 31-2 1층 101호,"분위기: 이국적인 감성, 깔끔한 / 방문 목적: 디저트 즐기기, 산책 전후 식사 / 맛: 달달한, 고소한 / 동반인: 친구·지인, 가족, 비즈니스·직장 모임"
프루프,11854389,4.8,수원시 영통구 센트럴파크로128번길 16-1 1층,"분위기: 따뜻한 감성, 로컬 느낌 / 방문 목적: 디저트 즐기기, 간단한 식사 / 맛: 달콤한, 고소한, 짭조름한 / 동반인: 친구·지인, 가족, 연인·데이트 커플"
달링케이크,4774511,5.0,수원시 영통구 매탄로 49 1층,"분위기: 아늑한, 밝은, 쾌적한 / 방문 목적: 브런치, 간식 / 맛: 짭조름한, 달콤한, 신선한 / 동반인: 친구·지인, 가족, 연인·데이트 커플"
오사랑케이크,1038884511,4.1,수원시 영통구 권선로882번길 26-57 1층 101호,"분위기: 귀여운 분위기, 아담한 공간감 / 방문 목적: 기념일 / 맛: 달달한 / 동반인: 친구·지인, 가족, 연인·데이트 커플"
브리앙뜨과자점,11400920,5.0,수원시 권선구 세지로 46,
파리바게뜨 세류센트럴점,222342529,2.6,수원시 권선구 세류로 32 센트럴프라자 1층 105호,"분위기: 깔끔하고 밝은 분위기 / 방문 목적: 간식 / 맛: 고소한, 매콤한, 달달한 / 동반인: 친구·지인, 가족"
파리바게뜨 수원아이파크시티점,21214999,4.0,수원시 권선구 동수원로146번길 9 1층,
서울제빵소 광교점,1471361100,3.2,수원시 영통구 웰빙타운로49번길 19 1층 11-119호,"분위기: 넓고 쾌적한, 모던한 인테리어, 자연광이 잘 들어오는 / 방문 목적: 브런치, 기념일 케이크 구매, 모임 / 맛: 고소한, 달콤한, 담백한 / 동반인: 친구·지인, 가족, 연인·데이트 커플"
파리바게뜨 수원마그넷점,12364478,3.1,"수원시 장안구 만석로19번길 35 수정프라자 1층 105호,106호",
푸애뺄,1518567067,4.8,수원시 영통구 센트럴파크로127번길 74 1층,"분위기: 프랑스 감성, 아기자기한 인테리어 / 방문 목적: 피크닉, 간식 / 맛: 달콤한, 짭짤한 / 동반인: 친구·지인, 가족, 연인·데이트 커플"
파트브리제,1513758365,4.4,수원시 팔달구 정조로 876 1층,
파파노아이 망포점,536809010,3.5,수원시 영통구 영통로154번길 74 사국빌딩 1층,"분위기: 편안한 느낌, 넉넉한 공간감 / 방문 목적: 간식, 브런치 / 맛: 고소한, 달콤한, 담백한 / 동반인: 친구·지인, 가족, 연인·데이트 커플"
짤츠파파,1990162826,4.7,"수원시 팔달구 고등로 28 써밋플렉스주건축물 1동 1-2층 126,216호","분위기: 아늑한, 모던한 / 방문 목적: 브런치, 디저트 구매, 티타임 / 맛: 담백한, 쫄깃한, 고소한 / 동반인: 친구·지인, 가족, 연인·데이트 커플"
133베이글,2101661967,4.9,수원시 장안구 대평로 86 화이트쇼핑몰 1층 103호,
듀쿠플 아주대본점,21937601,4.4,수원시 영통구 월드컵로 185 204호,
리코베이커리,1445473104,3.0,"수원시 장안구 정자로42번길 52 비단마을 베스트타운 상가 1층 108,109호","분위기: 동네 사랑방 느낌 / 맛: 버터리한, 쫀득한 / 동반인: 친구·지인, 가족"
바오밥나무 수원점,19514248,4.7,수원시 장안구 덕영대로535번길 38 로얄프라자 1층,
뚜레쥬르 권선아이파크점,17615638,4.0,수원시 권선구 동수원로145번길 24 2단지 상가1동 1층 101~102호,
오사랑케이크,1038884511,4.1,수원시 영통구 권선로882번길 26-57 1층 101호,"분위기: 귀여운 분위기, 아담한 공간감 / 방문 목적: 기념일 / 맛: 달달한 / 동반인: 친구·지인, 가족, 연인·데이트 커플"
브리앙뜨과자점,1501892640,5.0,수원시 권선구 세지로 46,
파리바게뜨 세류센트럴점,12364489,2.6,수원시 권선구 세류로 32 센트럴프라자 1층 105호,
파리바게뜨 수원아이파크시티점,21329437,4.0,수원시 권선구 동수원로146번길 9 1층,
서울제빵소 광교점,428107565,3.2,수원시 영통구 웰빙타운로49번길 19 1층 11-119호,
파리바게뜨 수원마그넷점,1697210810,3.1,"수원시 장안구 만석로19번길 35 수정프라자 1층 105호,106호","분위기: 자연친화적인, 아늑한, 힐링되는 / 방문 목적: 데이트 / 맛: 고소한, 달달한 / 동반인: 친구·지인, 가족, 연인·데이트 커플"
푸애뺄,725050146,4.8,수원시 영통구 센트럴파크로127번길 74 1층,
파트브리제,1324972651,4.4,수원시 팔달구 정조로 876 1층,"분위기: 유럽풍, 고급스러운, 아늑한 / 방문 목적: 디저트 즐기기, 간식 / 맛: 달콤한, 짭쪼름한 / 동반인: 친구·지인, 가족, 연인·데이트 커플"
파파노아이 망포점,12364482,3.5,수원시 영통구 영통로154번길 74 사국빌딩 1층,
짤츠파파,1346750995,4.7,"수원시 팔달구 고등로 28 써밋플렉스주건축물 1동 1-2층 126,216호","분위기: 전통시장의 느낌, 활기찬 분위기 / 방문 목적: 간식 / 맛: 달달한, 고소한 / 동반인: 친구·지인, 가족, 어린이 동반"
133베이글,628763138,4.9,수원시 장안구 대평로 86 화이트쇼핑몰 1층 103호,
듀쿠플 아주대본점,2036955300,4.4,수원시 영통구 월드컵로 185 204호,
리코베이커리,17772475,3.0,"수원시 장안구 정자로42번길 52 비단마을 베스트타운 상가 1층 108,109호","분위기: 따뜻한, 정성 가득한 / 방문 목적: 답례품 구매, 간식 / 맛: 고소한, 달콤한 / 동반인: 친구·지인, 가족, 비즈니스·직장 모임"
바오밥나무 수원점,10676487,4.7,수원시 장안구 덕영대로535번길 38 로얄프라자 1층,"분위기: 옛날 감성, 아늑한, 동네 빵집 느낌 / 방문 목적: 빵지순례, 간식 / 맛: 짭짤한, 달콤한 / 동반인: 친구·지인, 가족, 연인·데이트 커플"
뚜레쥬르 권선아이파크점,13282588,4.0,수원시 권선구 동수원로145번길 24 2단지 상가1동 1층 101~102호,
원모어케이크 행궁점,2074512246,3.6,수원시 팔달구 화서문로17번길 4 2층 203~204호,"분위기: 아기자기한, 편안한 / 방문 목적: 기념일, 생일기념 / 동반인: 친구·지인, 가족, 연인·데이트 커플"
오말랑베이글,20805812,4.2,수원시 영통구 센트럴타운로 107 1-22호,
파리바게뜨 수원정자로얄점,471527913,4.0,수원시 장안구 송원로 20 수원아너스빌위즈 상가동 1층 107~108호,"분위기: 아늑하고 따뜻한 감성, 따뜻한 감성, 아늑한 감성 / 방문 목적: 데이트, 디저트 즐기기 / 맛: 고소한, 달달한 / 동반인: 친구·지인, 가족, 연인·데이트 커플"
파리바게뜨 수원북문점,21552244,3.3,수원시 장안구 정조로922번길 1 1층,
로제베이커리,1262649031,4.7,수원시 영통구 영통로241번길 12-43,
슬로칠보하우스,1918214162,,수원시 권선구 칠보로88번길 189 슬로칠보하우스,
베키롱,21243201,5.0,수원시 영통구 대학로 48 A동 1층 112호,
옵스 타임빌라스 수원점,791017362,2.2,수원시 권선구 세화로 134 2층,
파리바게뜨 수원영통점,1812733209,4.4,수원시 영통구 영통로 515 1층,
뚱보네꽈배기,897127219,5.0,수원시 장안구 경수대로1081번길 41 1층,"분위기: 아늑한, 귀여운 인테리어 / 방문 목적: 기념일, 디저트 즐기기 / 맛: 달달한 / 동반인: 친구·지인, 가족, 연인·데이트 커플"
더베이크 홈씨씨점,669331948,4.3,수원시 권선구 세화로134번길 31,
빵오름,22809824,4.6,수원시 팔달구 경수대로616번길 18-5 1층,
코코호도 영통구청점,1440554980,3.7,수원시 영통구 효원로 372 1층,"분위기: 깨끗한 / 방문 목적: 가벼운 간식, 간단한 아침, 디저트 구매 / 맛: 달달한, 고소한 / 동반인: 친구·지인, 가족, 연인·데이트 커플"
유로빵,267997046,4.3,수원시 영통구 동수원로 316 임광아파트 상가 1층,
파리바게뜨 영통롯데점,21320703,4.7,"수원시 영통구 덕영대로1555번길 16 벽적골9단지롯데아파트 상가 1층 127, 131호",
미도리케이크,1649890769,3.7,수원시 권선구 세권로 60 1층,
빙수당,939194474,4.3,수원시 권선구 곡반정로 160 1층,
블랑제 HS이학순베이커리,1374282539,3.0,수원시 장안구 장안로 312,
교향곡9번 SYMPHONY NO.9,327407468,4.8,수원시 영통구 도청로 65,"분위기: 아담한, 아늑한 / 방문 목적: 인생샷, 여유로운 시간 / 동반인: 친구·지인, 가족"
고당팜베이커리,1373875047,2.7,수원시 영통구 센트럴파크로 6 301동 2층 117호,"분위기: 아담한 공간, 편안한 분위기, 테라스가 있는 공간 / 방문 목적: 산책 전후 식사, 간식, 가벼운 간식 / 맛: 달콤한, 담백한 / 동반인: 친구·지인, 가족, 연인·데이트 커플"
파리바게뜨 광교중흥점,388246028,3.1,수원시 영통구 광교호수공원로 277 어뮤즈스퀘어상가 1층 73~74호,
파티세리아파리,1711402887,4.6,수원시 영통구 법조로 38 광교더샵레이크파크 지하 25호,
카페옐로우디,1739976934,5.0,수원시 영통구 동탄원천로1109번길 42 원천성일아파트 상가동 1층 102호,"분위기: 아기자기한, 포근한, 노란색 인테리어 / 방문 목적: 디저트 즐기기, 답례품 구매 / 맛: 짭짤한, 달달한 / 동반인: 친구·지인, 가족, 연인·데이트 커플"
몽과자,361585063,5.0,수원시 장안구 수일로123번길 11 1층,
심플이크(simpleeke),1236521123,3.0,수원시 팔달구 정조로709번길 58 1층,"분위기: 깔끔한 화이트톤, 아기자기한 인테리어 / 방문 목적: 기념일 / 동반인: 친구·지인, 가족, 연인·데이트 커플"
케이크하랑,1401727415,5.0,수원시 영통구 태장로7번길 38 상가동 105호,"분위기: 아기자기한, 우아한 / 방문 목적: 기념일 / 동반인: 친구·지인, 가족, 연인·데이트 커플"
케이크인,1756069976,5.0,수원시 권선구 세지로 102 1층,
와플대학 수원호매실캠퍼스,59422992,4.1,수원시 권선구 금곡로102번길 48 1층 107호,
플라워비컴스플라워스,1212465724,5.0,수원시 영통구 봉영로 1612 보보스프라자 1층 119호,
뚜레쥬르 수원천천푸르지오점,338009433,3.4,수원시 장안구 정자천로13번길 15 1층,
미도리케이크,1649890769,3.7,수원시 권선구 세권로 60 1층,
빙수당,311072943,4.3,수원시 권선구 곡반정로 160 1층,"분위기: 동네빵집 느낌, 건강한 분위기 / 방문 목적: 간식 / 맛: 담백한, 쫄깃한 / 동반인: 친구·지인, 가족, 연인·데이트 커플"
블랑제 HS이학순베이커리,646407872,3.0,수원시 장안구 장안로 312,
교향곡9번 SYMPHONY NO.9,21498595,4.8,수원시 영통구 도청로 65,
고당팜베이커리,19537213,2.7,수원시 영통구 센트럴파크로 6 301동 2층 117호,
파리바게뜨 광교중흥점,2123431408,3.1,수원시 영통구 광교호수공원로 277 어뮤즈스퀘어상가 1층 73~74호,
파티세리아파리,407778297,4.6,수원시 영통구 법조로 38 광교더샵레이크파크 지하 25호,
카페옐로우디,12364443,5.0,수원시 영통구 동탄원천로1109번길 42 원천성일아파트 상가동 1층 102호,
몽과자,1473028639,5.0,수원시 장안구 수일로123번길 11 1층,"분위기: 따뜻한, 감성적인 / 방문 목적: 영화 관람 전후, 간단한 다과, 모임 / 맛: 고소한, 달달한 / 동반인: 친구·지인, 가족, 연인·데이트 커플"
심플이크(simpleeke),1729198488,3.0,수원시 팔달구 정조로709번길 58 1층,"방문 목적: 생일기념, 브라이덜 샤워 / 동반인: 친구·지인, 가족, 연인·데이트 커플"
케이크하랑,1925054777,5.0,수원시 영통구 태장로7번길 38 상가동 105호,
케이크인,1460356326,5.0,수원시 권선구 세지로 102 1층,"분위기: 자연을 느낄 수 있는, 아늑한, 힐링 스팟 / 방문 목적: 인생샷, 사진찍기 좋은, 힐링 / 맛: 달달한, 담백한, 고소한 / 동반인: 친구·지인, 가족"
와플대학 수원호매실캠퍼스,1807049757,4.1,수원시 권선구 금곡로102번길 48 1층 107호,
플라워비컴스플라워스,949876016,5.0,수원시 영통구 봉영로 1612 보보스프라자 1층 119호,"분위기: 작고 아늑한 / 맛: 쫄깃한, 고소한 / 동반인: 친구·지인, 가족, 연인·데이트 커플"
뚜레쥬르 수원천천푸르지오점,941703334,3.4,수원시 장안구 정자천로13번길 15 1층,"분위기: 따뜻한 분위기, 고급스러운 인테리어 / 방문 목적: 브런치, 단체 모임, 카페 데이트 / 맛: 고소한 / 동반인: 친구·지인, 가족, 비즈니스·직장 모임"
플랫 수원영통점,1376063224,4.7,수원시 영통구 봉영로 1569 NEW WORLD PLAZA 117호,"분위기: 아기자기한, 따뜻한 인테리어 / 방문 목적: 가벼운 간식 / 맛: 담백한, 고소한, 쫄깃한 / 동반인: 친구·지인, 가족, 연인·데이트 커플"
르꼬팡,1109028827,4.2,수원시 영통구 법조로149번길 117 101호,
파리바게뜨 수원공군비행단점,1844793422,5.0,수원시 권선구 경수대로168번길 79 1층,"분위기: 깔끔한 느낌, 아늑한 느낌 / 방문 목적: 기념일 / 맛: 딸기맛 / 동반인: 친구·지인, 가족"
영통삼성파리바게뜨,12063210,2.8,수원시 영통구 봉영로1517번길 73,"분위기: 동네 빵집, 따뜻한 / 방문 목적: 디저트 즐기기, 간식 / 동반인: 친구·지인, 가족"
코코호도 호매실점,944931784,5.0,수원시 권선구 금곡로 46 호매실역서희스타힐스5단지아파트 가상가동 102호,"분위기: 아기자기한, 귀여운 / 방문 목적: 기념일, 데이트 / 맛: 달달한 / 동반인: 친구·지인, 가족, 연인·데이트 커플"
와플대학 수원화서캠퍼스,8140980,3.2,수원시 팔달구 일월로22번길 7 차민내과건물 1층,"분위기: 깔끔한 분위기, 밝은 분위기, 편안한 분위기 / 방문 목적: 디저트 즐기기, 답례품 구매 / 맛: 달콤한, 상큼한 / 동반인: 친구·지인, 가족, 비즈니스·직장 모임"
복호두 수원천천점,12364590,4.0,수원시 장안구 만석로19번길 11-7 대일프라자 1층 102호,
파리바게뜨 영통뉴월드점,756701070,3.5,수원시 영통구 봉영로 1569 뉴월드프라자 1층 107호,"분위기: 아담한, 편안한, 밝은 / 방문 목적: 답례품 구매, 디저트 즐기기, 간식 / 맛: 달달한, 고소한 / 동반인: 친구·지인, 가족, 어린이 동반"
르블랑제리 다움,13024517,3.4,"수원시 장안구 천천로 100 롯데시네마타워 1층 101,102호",
자두케이크,1587610614,5.0,수원시 권선구 덕영대로1207번길 46-5 1층,
조선꽈배기 영통본점,1144049135,4.7,수원시 영통구 법조로149번길 118 1층,"분위기: 깨끗하고 편안한 분위기 / 방문 목적: 디저트 즐기기 / 맛: 달달한, 상큼한 / 동반인: 친구·지인, 가족"
광교산제빵소,695825338,3.0,수원시 장안구 파장천로 100 1-2층,"분위기: 깔끔한, 아기자기한 / 방문 목적: 기념일 / 동반인: 친구·지인, 가족, 연인·데이트 커플"
타코앤호두,777163070,5.0,수원시 장안구 수성로258번길 29 1층,
화이트리에 망포점,516942714,3.1,수원시 영통구 덕영대로 1470 망포역플래티넘베이스 1층 120호,
애밀,21320846,2.7,수원시 권선구 금곡로197번길 18-73 106호,
핸즈당,1595566106,4.5,수원시 영통구 신원로294번길 40-20 M&H 1층 101호,"분위기: 아늑한, 따뜻한, 감성적인 / 방문 목적: 브런치, 디저트 구매, 원데이 클래스 / 맛: 달콤한 / 동반인: 친구·지인, 가족, 연인·데이트 커플"
파리바게뜨 영통아이파크캐슬점,1649358247,3.0,수원시 영통구 덕영대로 1400 영통아이파크캐슬2단지 1층,
하품스베이크,1437086450,5.0,수원시 영통구 법조로149번길 75 1층,"분위기: 깔끔한, 아담한, 고급스러운 / 방문 목적: 디저트 구매, 간식, 카페 투어 / 맛: 달달한, 고소한, 상큼한 / 동반인: 가족, 친구"
해피쿠키데이,701324788,4.3,수원시 영통구 동수원로537번길 36-5 1층,"분위기: 귀여운, 아기자기한 / 방문 목적: 디저트 즐기기, 생일기념 / 맛: 달달한, 버터리한 / 동반인: 친구·지인, 가족, 연인·데이트 커플"
복호두 광교점,1727810796,3.8,수원시 영통구 센트럴타운로 85 써밋플레이스 203동 Cb16호,"분위기: 깔끔한 분위기 / 방문 목적: 답례품 구매, 간식 / 맛: 달콤한, 고소한 / 동반인: 가족, 친구"
파리바게뜨 수원탑동삼성점,12364522,5.0,수원시 권선구 구운중로4번길 8 1층,
마치모어디저트,1750365618,3.3,수원시 영통구 대학1로8번길 91 1층 102호,"분위기: 아기자기한, 감성적인 / 방문 목적: 기념일 / 동반인: 친구·지인, 가족, 연인·데이트 커플"
쁘숑제과점,12072547,3.0,수원시 장안구 수성로 356 1층,"분위기: 아늑한, 정겨운, 전통적인 / 방문 목적: 간식, 브런치 / 맛: 고소한, 달콤한, 담백한, 짭짤한 / 동반인: 친구·지인, 가족, 연인·데이트 커플"
아리엘카스테라,1492561693,5.0,수원시 영통구 매영로269번길 43 YI빌딩 3층,
이상구베이커리,11917098,3.3,수원시 팔달구 중부대로 102,
갤러리베이커리,767520285,5.0,수원시 권선구 동수원로 232 센터블스파 2층,"분위기: 아늑하고 편안한, 편안한 분위기 / 방문 목적: 디저트 즐기기 / 맛: 달달한, 고소한 / 동반인: 친구·지인, 가족, 연인·데이트 커플"
빵사부식빵공방 아주대점,358628947,5.0,수원시 영통구 아주로 20 1층,"분위기: 아늑한, 편안한, 전통적인 / 방문 목적: 간단한 식사, 디저트 즐기기, 답례품 구매 / 맛: 달달한 / 동반인: 친구·지인, 가족"
장미빵집,1221428930,4.9,수원시 영통구 매탄로65번길 10-5 1층 101호,"분위기: 아기자기한 느낌, 아늑한 분위기 / 방문 목적: 가벼운 간식, 산책 전후 식사 / 맛: 상큼한, 달콤한, 담백한 / 동반인: 친구·지인, 가족"
파리바게뜨 뉴수원역점,2009876923,5.0,수원시 팔달구 매산로 12-1 1층,"분위기: 깔끔하고 쾌적한 분위기, 편안한 분위기 / 방문 목적: 아침식사, 디저트 구매 / 맛: 달콤한, 고소한, 상큼한 / 동반인: 친구·지인, 가족, 연인·데이트 커플"
김호두 영통구청점,82686009,5.0,수원시 영통구 효원로 393 밀레니엄프라자 101호,"분위기: 아기자기한, 깔끔한, 귀여운 / 방문 목적: 답례품 구매, 단체주문, 간식 / 맛: 고소한, 달콤한, 바삭한 / 동반인: 친구·지인, 가족, 연인·데이트 커플"
뉴독일제과점,21324323,4.5,수원시 권선구 정조로 567,
팔달제과,1546824375,4.1,수원시 팔달구 행궁로 39 1-3층,"분위기: 넓고 쾌적한, 루프탑 / 방문 목적: 카공, 가벼운 간식 / 맛: 고소한, 달달한, 짭짤한 / 동반인: 친구·지인, 가족, 비즈니스·직장 모임"
봄아랑,1248905403,5.0,수원시 권선구 호매실로104번길 24-44 센타프라자 3층 302호,"분위기: 아기자기한, 고급스러운 / 맛: 달달한, 쫄깃한 / 동반인: 친구·지인, 가족, 연인·데이트 커플"
잇츠베이글 수원신동카페거리점,858271598,4.3,수원시 영통구 권선로882번길 108-21 1층,
보네르플라워,617557689,3.0,수원시 영통구 도청로 65 자연앤힐스 5406동 상가 지하2층 131호,"분위기: 아늑한, 감성적인, 행복한 / 동반인: 친구·지인, 가족, 연인·데이트 커플"
이슬제과점,150130064,4.6,수원시 영통구 매봉로27번길 4 1층,
퓨어수제케이크,1414107790,5.0,수원시 장안구 장안로89번길 10,
파리바게뜨 우만주공점,21323897,3.8,수원시 팔달구 중부대로223번길 9,
커플,302332625,4.8,수원시 영통구 월드컵로 185 캠퍼스빌 204호,
베이커리사월,240280362,5.0,수원시 영통구 영통로153번길 26 해피홈타운 1층 (아이스크림 옆집),
메가번 영통점,1928693279,4.5,수원시 영통구 청명남로 39 1층 105호,
파리바게뜨 아주대삼거리점,26018541,2.2,수원시 영통구 중부대로256번길 3 인형빌딩 1층,
파란풍차,21574181,5.0,수원시 권선구 하탑로 47,"분위기: 아담한, 친근한, 깔끔한 / 방문 목적: 빵지순례, 간식, 아침식사 / 맛: 고소한, 짭짤한, 달콤한 / 동반인: 친구·지인, 가족"
파리바게뜨 수원당수점,19972006,4.5,수원시 권선구 당진로 29-4 기와프라자 1층 108호,
파리바게뜨 수원정자점,8568362,2.8,수원시 장안구 수성로245번길 18 정승빌딩 1층,
늘베이커리,277236348,4.0,수원시 권선구 금곡로102번길 38 호매실프라자 107호,"분위기: 아담한, 편안한, 로컬 맛집 / 방문 목적: 디저트 즐기기, 간식 / 맛: 달콤한 / 동반인: 친구·지인, 가족, 연인·데이트 커플"
강빵,1896007367,5.0,수원시 장안구 만석로159번길 20-2 로드캐슬 1층,
파리바게뜨 수원일월점,12364454,4.0,수원시 권선구 일월천로16번길 24 대성빌딩 1층,
파리바게뜨 광교센트럴점,19208554,1.6,수원시 영통구 센트럴타운로 94 앤에스코어빌딩 101호,
파리바게뜨 인계파밀리에점,13132631,3.3,수원시 팔달구 세지로 211 1층,
파리바게뜨 동수원점,12364449,4.1,수원시 팔달구 권광로 211 동수원메디뷰 1층 106호,
요를레이케이크,1597988248,4.3,수원시 팔달구 효원로308번길 58-9 트윈파크오피스텔 A동 1층,"분위기: 아기자기한, 편안한 / 방문 목적: 기념일 / 맛: 상큼한 / 동반인: 친구·지인, 가족, 연인·데이트 커플"
한스 인계점,23149781,3.3,수원시 팔달구 권광로285번길 7 1층,"분위기: 아늑한, 넓은 공간감, 차분한 인테리어 / 방문 목적: 기념일, 디저트 즐기기 / 맛: 상큼한 / 동반인: 친구·지인, 가족, 연인·데이트 커플"
이누베,1838398118,5.0,수원시 영통구 센트럴파크로127번길 80-12 1층 102호 이누베,"분위기: 아기자기한 느낌, 조용한 분위기, 따뜻한 감성 / 맛: 고소한, 달달한 / 동반인: 친구·지인, 가족, 혼밥·혼술"
파리바게뜨 광교힐스테이트,1969733834,3.4,수원시 영통구 센트럴파크로 33 상가 120호,
연희제빵소,448515826,5.0,수원시 팔달구 고등로 15 근린생활시설 3동 35호,
베이커리 일상,1753688641,4.8,수원시 장안구 경수대로955번길 6 104호,
느긋한제빵소,2003262853,4.8,수원시 권선구 세권로 1 수원역센트럴어반시티아파트 상가동 105호,"분위기: 작고 귀여운, 아늑한 / 방문 목적: 가벼운 간식, 브런치 / 맛: 담백한, 고소한 / 동반인: 친구·지인, 가족, 연인·데이트 커플"
유어마이선샤인,835179320,5.0,수원시 장안구 연무로13번길 84 1층,
모범제빵소,240395215,4.0,수원시 권선구 동수원로177번길 40 아이파크8단지 1층 132호,"분위기: 동네 빵집 느낌, 아담한 가게 / 방문 목적: 간식 / 맛: 마늘향 가득 / 동반인: 친구·지인, 가족"
페이브베이커리 수원시청역점,1876304191,3.3,수원시 권선구 효원로266번길 11 이룸타워 1층,"분위기: 깔끔한 인테리어, 포토존 많은 공간 / 방문 목적: 디저트 즐기기, 단체 모임 / 맛: 상큼한 / 동반인: 친구·지인, 가족, 연인·데이트 커플"
파리바게뜨 수원조원점,12364552,3.8,수원시 장안구 금당로 36 다은빌딩 1층,
파리바게뜨 광교법조타운점,19093322,3.0,"수원시 영통구 광교중앙로 250 더죤프라자 109,110호",
파리바게뜨 수원송죽동점,21324701,2.0,수원시 장안구 경수대로 1020 1층,
뚜레쥬르 매교힐스테이트점,79794984,3.7,수원시 팔달구 효원로93번길 33 상가1동 1층 105호,
뚜레쥬르 수원망포점,1706295025,3.7,수원시 영통구 태장로 73 정석그린프라자 1층 101호,
바론빵집,412145337,5.0,수원시 권선구 금곡로 116 유동타워 110호,"분위기: 청결한 / 방문 목적: 간식 / 맛: 담백한, 쫄깃한, 풍미 가득한 / 동반인: 친구·지인, 가족, 연인·데이트 커플"
에꼴드몽땅,1520993157,,수원시 영통구 권선로882번길 107-62 1층,"분위기: 아늑한, 따뜻한, 아기자기한 / 방문 목적: 디저트 구매 / 맛: 달달한, 상큼한, 고소한 / 동반인: 친구·지인, 가족, 연인·데이트 커플"
파리바게뜨 수원원천점,12363717,4.3,수원시 영통구 중부대로448번길 100 1층 102~104호,
제니베이글하우스,1325843769,4.3,수원시 영통구 권선로882번길 107-40 1층,"분위기: 엔틱한, 아늑한, 유럽풍 / 방문 목적: 브런치, 간식 / 맛: 고소한, 달콤한, 쫄깃한 / 동반인: 친구·지인, 가족"
빵집오빠 우만점,1884947744,3.0,수원시 팔달구 팔달문로163번길 50 1층,
코른베르그과자점 성빈센트점,1663153896,3.3,수원시 팔달구 중부대로 93 성빈센트병원 1층,
비건비긴즈,114136833,4.9,수원시 영통구 센트럴타운로 106 광교 센트럴프라자건물 1층 135호,"분위기: 아늑한, 편안한, 귀여운 / 방문 목적: 디저트 즐기기, 간식, 건강한 식사 / 맛: 달달한, 상큼한, 고소한 / 동반인: 친구·지인, 가족, 어린이 동반"
쏭s브래드,719931336,5.0,수원시 팔달구 중부대로143번길 101 1층 102호,
빼드베이커리,393668089,4.3,수원시 장안구 정조로1060번길 21-1 1층,"분위기: 아늑한, 깔끔한 / 방문 목적: 다이어트, 간식 / 맛: 달달한, 담백한, 고소한 / 동반인: 친구·지인, 가족, 연인·데이트 커플"
화이트리에 천천지구점,368329898,3.4,수원시 장안구 덕영대로535번길 28 리안플라츠 1층 109호,"분위기: 깔끔한 인테리어 / 방문 목적: 간식 / 맛: 버터향 가득 / 동반인: 친구·지인, 가족, 연인·데이트 커플"
화이트리에 광교,591231239,0.0,수원시 영통구 창룡대로 260 515호,
꿈빵,516963092,5.0,수원시 팔달구 덕영대로 935,
롤러스베이커리,1698273216,5.0,수원시 영통구 신원로 146 스페인빌딩 1층 101호,"분위기: 작고 아담한 / 방문 목적: 가벼운 간식, 데이트 / 맛: 단짠단짠 / 동반인: 친구·지인, 가족, 연인·데이트 커플"
스윗미타임,1095947612,5.0,수원시 장안구 송정로118번길 7 뜨레모아아파트 상가1층 103호,"분위기: 아늑한, 감성적인, 조용한 / 방문 목적: 디저트 구매, 수다, 혼술 / 맛: 고소한, 달달한, 바삭한 / 동반인: 가족, 친구"
1794화성당제과 직영본점,771630564,4.3,수원시 팔달구 창룡대로 4-1 (여민각),"분위기: 힐링적인 분위기, 감성적인 분위기, 역사적인 분위기 / 방문 목적: 인생샷, 여행 중 휴식, 비건 선물 / 맛: 달콤한, 고소한 / 동반인: 친구·지인, 가족, 연인·데이트 커플"
뚜레쥬르 카페수원호매실점,2099457419,3.8,수원시 권선구 금곡로102번길 55 1층,
영베이커리카페,594241545,4.0,수원시 장안구 장안로18번길 6 대명하이빌 A동 1층,"분위기: 편안한, 아늑한, 쾌적한 / 방문 목적: 이색 데이트, 이색 체험, 가족 나들이 / 맛: 고소한, 달콤한 / 동반인: 친구·지인, 가족, 연인·데이트 커플"
마듀 수원AK점,645730220,4.9,수원시 팔달구 덕영대로 924 지하1층 식품관,
케이쿠쿠,1933441784,5.0,수원시 권선구 세권로43번길 19,
달리당 수원본점,154217315,4.7,수원시 팔달구 창룡대로80번길 15 1-3층,"분위기: 아기자기한, 편안한 / 방문 목적: 인생샷, 사진찍기 좋은, 연날리기, 여유로운 시간 / 맛: 달달한, 고소한 / 동반인: 친구·지인, 가족, 연인·데이트 커플"
다또케이크,540536496,4.0,수원시 장안구 화산로 235 3층 301호,"분위기: 아기자기한, 감성적인 / 방문 목적: 생일기념, 기념일 / 동반인: 친구·지인, 가족"
이리제,1971042828,5.0,수원시 영통구 영일로 8 메가플러스4 1층 102호,"분위기: 아늑한, 감성적인, 깔끔한 / 방문 목적: 디저트 구매, 당충전, 생일 케이크 구매 / 맛: 상큼한, 달콤한 / 동반인: 친구·지인, 가족, 연인·데이트 커플"
복란케이크,202774375,5.0,수원시 장안구 장안로17번길 8-7 다온주택 1층 101호,"분위기: 아기자기한, 소박한 / 방문 목적: 기념일 / 동반인: 친구·지인, 가족, 연인·데이트 커플"
수원성화성빵,2059668822,4.4,수원시 팔달구 창룡대로 18,
파리바게뜨 성균관대점,12364442,3.1,수원시 장안구 서부로 2135 1층,
별빛과자상점,273600729,3.0,수원시 권선구 호매실로218번길 122,
한말,164120985,5.0,수원시 팔달구 중부대로223번길 26 1층 105호 한말수제떡&떡케이크,"분위기: 화사한, 여성스러운, 정성이 담긴 / 방문 목적: 생일기념 / 맛: 상큼한, 달달한, 고소한, 쫄깃한 / 동반인: 친구·지인, 가족, 연인·데이트 커플"
올리베이커리,565869885,4.7,수원시 영통구 에듀타운로 108 광교경동해피리움 1층 109호,"분위기: 아늑한, 깔끔한, 편안한 / 방문 목적: 간식, 브런치, 카페 데이트 / 맛: 담백한, 달달한 / 동반인: 친구·지인, 가족, 연인·데이트 커플"
빨간풍차,21293555,4.0,수원시 영통구 영통로173번길 19,
잣품은그집호두과자 롯데몰 수원,828722060,5.0,수원시 권선구 세화로 134 3층,"분위기: 편안한, 따뜻한 / 방문 목적: 간식, 디저트, 쇼핑 후 간식 / 맛: 고소한, 달달한 / 동반인: 친구·지인, 가족, 어린이 동반"
뚜레쥬르 수원원천점,20126763,2.3,수원시 영통구 매봉로 53 1층,"분위기: 깔끔하고 편안한 분위기 / 방문 목적: 아침식사, 가족 단위 식사 / 맛: 달콤새콤한 / 동반인: 가족, 어린이 동반"
쿠키쿠,1698994550,5.0,수원시 장안구 창훈로29번길 58 1층,
축복쿠키,1913763302,4.7,수원시 영통구 광교호수공원로 277 중흥S클래스 어뮤즈스퀘어 지하2층 191호,"분위기: 깔끔한 / 방문 목적: 생일기념, 원데이 클래스, 기념일 / 맛: 달달한 / 동반인: 친구·지인, 가족, 연인·데이트 커플"
오묘한베이글,1385803936,5.0,수원시 팔달구 아주로13번길 22 1층,
소부점,1644237601,4.5,수원시 팔달구 화양로24번길 46-2 1층 101호,"분위기: 아늑한, 깔끔한, 조용한 / 방문 목적: 디저트 즐기기, 브런치, 카페 투어 / 맛: 버터 풍미, 달콤한 / 동반인: 친구·지인, 가족, 연인·데이트 커플"
와플대학 수원정자캠퍼스,1212775761,4.1,수원시 장안구 대평로90번길 8 한빛프라자 1층 103호,
파리바게뜨 뉴웰빙타운점,758420405,0.0,"수원시 영통구 웰빙타운로49번길 32 광교웰빙프라자빌딩 102,103호",
브레드인헤븐,1039193768,2.7,수원시 팔달구 경수대로604번길 2,
빵마루,15889678,5.0,수원시 팔달구 세지로174번길 33,
케잌집,1239865189,5.0,수원시 팔달구 장다리로 168 1층,"분위기: 아기자기한 느낌, 귀여운 분위기 / 방문 목적: 생일기념, 기념일 / 맛: 달달한 / 동반인: 친구·지인, 가족"
몽디알제과,21310580,4.7,수원시 장안구 정조로 941 상가 102호,
버터맨션,174558061,4.1,"수원시 팔달구 화서문로 41 2, 3층","분위기: 아기자기한, 편안한 / 방문 목적: 데이트, 당충전 / 맛: 달달한, 꾸덕한, 고소한 / 동반인: 친구·지인, 가족, 연인·데이트 커플"
파리바게뜨 수원스카이뷰점,20149555,3.9,수원시 장안구 이목로 24 SK스카이뷰 상가동 601동 1층 103~105호,
더맛있는카스테라,975186956,5.0,수원시 권선구 당진로31번길 7-4,
달다라니,1899415629,4.0,수원시 장안구 이목로74번길 45 1층 101호,
파리바게뜨 영통삼거리점,12363673,3.5,수원시 영통구 봉영로 1761 1층,
빵시미 베이커리,1685592431,5.0,수원시 영통구 효원로 363,
피피베이글,1838216892,5.0,수원시 영통구 에듀타운로 25 명품프라자 1층 106호,"분위기: 작고 아담한 / 방문 목적: 브런치, 간단한 식사, 간식 / 맛: 짭짤한, 고소한 / 동반인: 친구·지인, 가족, 연인·데이트 커플"
당고네,1901451804,,수원시 팔달구 화서문로 28 1층,"분위기: 귀여운, 아기자기한 / 방문 목적: 디저트 즐기기, 가벼운 간식 / 맛: 단짠단짠, 상큼한 / 동반인: 친구·지인, 가족, 연인·데이트 커플"
빵집오빠 수원호매실점,692299858,5.0,수원시 권선구 호매실로218번길 122 1층 103호,
브레드단,1470497546,5.0,수원시 팔달구 중부대로 80 상가3동 35호,
앙플 떡케이크,224789286,5.0,수원시 팔달구 세류로75번길 12 1층,"분위기: 아기자기한, 화사한, 따뜻한 / 방문 목적: 상견례 / 동반인: 친구·지인, 가족, 연인·데이트 커플"
파리바게뜨 오목천동점,12364450,2.0,수원시 권선구 삼천병마로 1599 1층,
달달보라케이크,60728618,3.3,수원시 팔달구 세류로 93 1층,"분위기: 아늑한, 깔끔한 / 방문 목적: 기념일 / 동반인: 친구·지인, 가족, 연인·데이트 커플"
무휼,285705662,5.0,수원시 팔달구 고등로71번길 40-5,
파리바게뜨 수원고색점,12364484,3.4,수원시 권선구 매송고색로 693 1층,
뚜레쥬르 수원판타지움점,1110896541,2.1,수원시 영통구 덕영대로 1566 판타지움몰 1층,"분위기: 넓고 쾌적한, 아늑한, 조용한 / 방문 목적: 간식 / 맛: 고소한, 달달한, 쌉싸름한 / 동반인: 친구·지인, 가족, 비즈니스·직장 모임"
달밀,707682903,5.0,수원시 권선구 노림로6번길 20-3 1층,"분위기: 아담한, 청결한 / 방문 목적: 디저트 즐기기, 간식 / 맛: 고소한, 담백한 / 동반인: 친구·지인, 가족"
뚜레쥬르 수원역로데오점,985798974,,수원시 팔달구 향교로1번길 1 1층 101호,
풉케이크샵,693511791,5.0,수원시 영통구 도청로 95 유니코어 알파동 113호,"분위기: 귀여운, 아기자기한, 러블리한 / 방문 목적: 기념일 / 맛: 크림치즈, 초코오레오, 바닐라 / 동반인: 친구·지인, 가족, 연인·데이트 커플"
피피케이크샵,916831929,,수원시 팔달구 세류로75번길 17 1층,"분위기: 아기자기한, 청결한 / 방문 목적: 생일기념, 기념일 / 맛: 고소한, 상큼한 / 동반인: 친구·지인, 가족"
파리바게뜨 신영통자이점,12364448,4.0,수원시 영통구 태장로 87,
라네케이크,1175491600,3.0,수원시 영통구 광교중앙로 234 501호,
파리바게뜨 매탄위브점,12364516,3.7,수원시 영통구 인계로220번길 6-3,
파리바게뜨 베이킹랩파리바게뜨,273226496,1.8,수원시 팔달구 덕영대로 924 AK플라자 수원점 지하1층,"분위기: 깔끔하고 넓으며 편안한 / 방문 목적: 간단한 아침, 간식 / 맛: 달콤한, 진한 / 동반인: 친구·지인, 가족, 연인·데이트 커플"
코코호도 영통역점,26941054,4.9,수원시 영통구 매영로345번길 7 영통트리플렉스 1층 주차장입구 옆,"분위기: 아담한 카페 / 방문 목적: 답례품 구매, 간식 / 맛: 달달한 / 동반인: 친구·지인, 가족, 비즈니스·직장 모임"
파리바게뜨 화서역점,12364488,2.1,수원시 팔달구 덕영대로697번길 17 화서그린프라자 1층 110호,
화이트리에 광교직영점,1634867999,0.0,수원시 영통구 도청로18번길 26 힐스테이트광교중앙역 130호,
스마일케이크,1070360131,5.0,수원시 장안구 조원로112번길 10 1층,
바닐리,802290443,,수원시 영통구 센트럴타운로 107 광교월드스퀘어 1층 63호,"분위기: 아기자기한, 코지한 / 방문 목적: 디저트 즐기기 / 맛: 고소한 / 동반인: 친구·지인, 가족"
빵집오빠 세류점,1181256247,5.0,수원시 권선구 정조로 571 가동 1층 103호,
앤티앤스프레즐 타임빌라스수원점,1699091782,3.5,수원시 권선구 세화로 134 지하1층,
파리바게뜨 수원인계한신점,10552200,4.5,수원시 팔달구 경수대로 549 동수원빌딩 1층,
파리바게뜨 호매실스위첸점,1159823325,2.9,"수원시 권선구 호매실로104번길 24-61 금호프라자 108,109호",
라파린,1968440728,5.0,수원시 장안구 경수대로 940,
도로롱베이킹,582509763,5.0,수원시 팔달구 화양로67번길 10 상가동 1층 101호,"분위기: 아기자기한 느낌, 청결한 느낌, 따뜻한 무드 / 방문 목적: 이색 데이트, 실내 데이트, 이색 체험 / 맛: 달콤한, 고소한, 상큼한 / 동반인: 친구·지인, 가족, 연인·데이트 커플"
달바머랭,606324823,5.0,수원시 장안구 수일로 122,
파리바게뜨 수원역푸르지오점,1742896985,0.0,수원시 팔달구 팔달로 53 고등더퍼스트 1층 109~110호,
안가네대추빵 팔달점,730056862,0.0,수원시 팔달구 중부대로 80 101동 1층,
베이글맨션,1349302938,,수원시 영통구 도청로18번길 26 1층 110호 베이글맨션,"방문 목적: 브런치, 간식 / 맛: 쫄깃한, 고소한, 달달한, 짭짤한 / 동반인: 친구·지인, 가족, 연인·데이트 커플"
험프티덤프티 광교점,1766668881,4.7,수원시 영통구 법조로149번길 37 1층,
이로케,306562684,5.0,수원시 권선구 금곡로196번길 68 1층,"분위기: 아기자기한, 카페 느낌 / 방문 목적: 기념일 / 맛: 신선한, 매콤한, 고소한 / 동반인: 친구·지인, 가족, 연인·데이트 커플"
파리바게뜨 수원금곡LG점,27500378,3.0,수원시 권선구 금곡로 45 LG빌리지 주상가동 103~105호,
너만을위한케이크,1549203063,5.0,수원시 영통구 광교중앙로 234 드림타워5,
아벡쉐리 스타필드수원,658719500,4.0,수원시 장안구 수성로 175 7층,"분위기: 귀여운 인테리어, 힙한 분위기 / 방문 목적: 디저트 즐기기, 간단한 식사 / 맛: 짭짤한, 달콤한, 고소한 / 동반인: 친구·지인, 가족"
와플대학 수원망포캠퍼스,1537674044,3.5,수원시 영통구 망포로 136 영통플래티넘베이스 에이 1층 120호,
김정배 커피맨션,511999469,5.0,수원시 영통구 반달로 106 1층,"분위기: 아늑한, 따뜻한, 포근한, 감성적인 / 방문 목적: 카공, 디저트 즐기기 / 맛: 구수한, 달달한, 담백한 / 동반인: 친구·지인, 가족, 비즈니스·직장 모임"
파리바게뜨 수원월드컵점,12364476,3.7,수원시 팔달구 팔달문로163번길 39,
파리바게뜨 수원탑동우방점,8567094,1.0,수원시 권선구 탑동로 8 대한빌딩 1층,
아가페과자점,8421492,4.8,수원시 장안구 수성로261번길 6 1층,
뚜레쥬르 성대율전점,10361687,2.6,수원시 장안구 율전로 105 1층 103호,
행궁왕꽈배기,1323571111,5.0,수원시 팔달구 정조로 847 1층,
드롭스 앨리웨이광교점,1609429709,4.0,수원시 영통구 광교호수공원로 80 1층,"분위기: 아기자기한 분위기, 핑크톤의 톤 / 방문 목적: 디저트 구매 / 맛: 달달한, 상큼한 / 동반인: 친구·지인, 가족"
뚜레쥬르 수원영통중앙점,488807414,2.3,수원시 영통구 봉영로 1606 미네시티 1층 108~109호,
슈가몬스터,26436028,5.0,수원시 팔달구 화서문로 73 1층 4호,"방문 목적: 기념일 / 동반인: 친구·지인, 가족"
오목네붕어빵,1647262156,5.0,수원시 권선구 매송고색로533번길 11 태산아파트 상가동 1층,
쥬르드뱅베이커리,1895577893,4.5,수원시 영통구 에듀타운로 24,"분위기: 작고 아담한, 깔끔한 / 방문 목적: 간식 / 맛: 버터 풍미 가득, 달콤한, 짭짤한 / 동반인: 가족, 친구"
자미당 인계점,1105323905,5.0,수원시 팔달구 인계로 63 중앙빌딩 101호,
코끼리밀관 엠파이어2점,2116673521,4.2,수원시 영통구 신원로 88 디지털엠파이어2 103동 1층 106호,
라쿠키테리아,1861378860,4.9,수원시 팔달구 권광로348번길 24 1층,"분위기: 아담한 / 방문 목적: 디저트 구매, 가벼운 간식 / 맛: 달달한, 고소한 / 동반인: 친구·지인, 가족, 연인·데이트 커플"
임채순 베이커리,12347551,5.0,수원시 권선구 세지로82번길 42,
초초이,112266398,5.0,수원시 장안구 정자로20번길 24-13 1층,"분위기: 아기자기한, 넓은 공간, 편안한 / 방문 목적: 브런치, 가벼운 간식, 가벼운 점심 / 맛: 상큼한, 담백한, 달콤한 / 동반인: 친구·지인, 가족, 연인·데이트 커플"
파리바게뜨 수원능실마을점,21296346,5.0,수원시 권선구 호매실로165번길 70 호매실경남아너스빌아파트상가 1519동 107호,
낭트베이커리카페,2083191210,4.7,수원시 팔달구 효원로 288 대원콤비프라자 1층 101-1~101-2호,"분위기: 모던한, 따뜻한, 아늑한 / 방문 목적: 간단한 식사, 디저트 구매, 맥주 한잔 / 맛: 고소한, 중독성 있는 / 동반인: 친구·지인, 가족, 비즈니스·직장 모임"
꽈배기친구들,2107127446,3.5,수원시 영통구 매탄로 106 1층,
앤케이커리,152410930,5.0,수원시 영통구 대학1로8번길 16-2 105호,"분위기: 아기자기한, 따뜻한 / 방문 목적: 기념일 / 맛: 달콤한, 바닐라 / 동반인: 친구·지인, 가족, 연인·데이트 커플"
파리바게뜨 수원세류점,12364520,3.4,수원시 권선구 세지로 61,
써니빵집,529088129,4.9,수원시 장안구 정조로1060번길 11-2 1층 102호,"분위기: 작고 아담한 / 방문 목적: 간식, 피크닉 / 맛: 고소한, 달달한, 짭짤한 / 동반인: 친구·지인, 가족"
세이더케이크,1909404200,5.0,수원시 팔달구 중부대로223번길 20-7 1층,"분위기: 아기자기한, 귀여운 / 방문 목적: 기념일 / 동반인: 친구·지인, 가족, 연인·데이트 커플"
파리바게뜨 권선SK뷰점,12364514,2.0,수원시 권선구 세권로195번길 33 1층,
다온 케이크,1898613316,3.0,수원시 영통구 매영로35번길 10 1층,"분위기: 아늑한, 모던한 / 방문 목적: 기념일 / 맛: 달달한 / 동반인: 친구·지인, 가족, 연인·데이트 커플"
멜팅키티,1416986272,5.0,수원시 팔달구 행궁로 44,
바네통,1325470116,4.9,수원시 장안구 덕영대로425번길 53 1층,"분위기: 아늑하고 편안한 느낌, 따뜻한 분위기 / 방문 목적: 간식, 브런치 / 맛: 고소한 / 동반인: 친구·지인, 가족, 연인·데이트 커플"
좋은빵만들기,15604736,5.0,수원시 팔달구 갓매산로25번길 60-12,
소프루 과자점,1575418398,5.0,수원시 영통구 대학3로 1,"분위기: 아늑한, 귀여운, 소박한 / 방문 목적: 디저트 구매, 카페 투어 / 맛: 상큼한, 고소한 / 동반인: 친구·지인, 가족, 연인·데이트 커플"
파리바게뜨 수원연무점,12364549,2.6,수원시 장안구 창룡대로 185 영원빌딩 1층,
고을담,135545561,5.0,수원시 팔달구 팔달로183번길 14-5 1층 101호,"분위기: 깔끔한 / 방문 목적: 기념일, 이색 데이트 / 동반인: 친구·지인, 가족"
오도르케이크,1621225006,4.2,수원시 권선구 일월천로4번길 74 성원아파트 상가 205호,"분위기: 아기자기한, 편안한 / 방문 목적: 기념일 / 동반인: 친구·지인, 가족, 연인·데이트 커플"
라뮤제베이크하우스,907929609,4.3,수원시 영통구 권선로882번길 43-33,"분위기: 아기자기한, 감성적인, 편안한 / 방문 목적: 데이트, 베이킹 체험, 선물용 디저트 구매 / 맛: 달달한, 고소한, 상큼한 / 동반인: 친구·지인, 가족, 연인·데이트 커플"
모잉케이크,1053972905,5.0,수원시 권선구 권중로50번길 47 1층,"분위기: 아기자기한, 귀여운 / 방문 목적: 기념일 / 동반인: 친구·지인, 가족, 연인·데이트 커플"
블랑제리 오봉베르,1238153520,,수원시 영통구 센트럴파크로127번길 120 1층,"분위기: 유럽풍, 편안한, 쾌적한 / 방문 목적: 브런치, 데이트 / 맛: 담백한, 달콤한, 고소한 / 동반인: 친구·지인, 가족, 연인·데이트 커플"
헤르셔베이커리,1134119532,4.2,수원시 영통구 에듀타운로 102 광교중앙역 SK VIEW A동 108호,
이솝베이커리,8548161,4.8,수원시 영통구 동수원로537번길 58,
궁금한 도넛,1932650964,3.7,수원시 팔달구 중부대로39번길 3-10,"분위기: 시장 느낌 / 방문 목적: 간식 / 맛: 쫄깃한, 달콤한 / 동반인: 친구·지인, 가족, 연인·데이트 커플"
와플대학 세진캠퍼스,397675849,5.0,수원시 장안구 경수대로 1071 1층,"분위기: 아늑한, 복층 구조, 귀여운 인테리어 / 방문 목적: 데이트, 간식 / 맛: 달달한, 고소한 / 동반인: 친구·지인, 가족, 연인·데이트 커플"
파리바게뜨 수원한일점,12364644,0.0,수원시 장안구 경수대로 971 봉주빌딩 1-2층,
파리바게뜨 수원율전점,12364642,4.8,수원시 장안구 서부로2181번길 36 1층,
파리바게뜨 화서사거리점,12364556,1.7,수원시 팔달구 동말로 72 1층,
파리바게뜨 천천푸르지오점,12364445,2.4,수원시 팔달구 화산로 62 1층,
파리바게뜨 수원권선자이점,21442677,3.2,수원시 권선구 세권로 190,
팔레트베이킹,1505252731,5.0,수원시 팔달구 고등로59번길 9 1층 상가,
제이델링,1227735484,5.0,수원시 장안구 파장로 13 관인몬테소리 2층,"분위기: 아기자기한 느낌, 깔끔한 분위기 / 방문 목적: 기념일 / 맛: 달콤한, 상큼한 / 동반인: 친구·지인, 가족, 연인·데이트 커플"
수제빵소,1876198392,5.0,수원시 영통구 덕영대로 1462-14 힐스테이트 영통 601동 1층 105호,
파리바게뜨 수원매교역점,617630449,4.0,수원시 팔달구 인계로 20 매교역푸르지오SK뷰 상가1동 지하1층 B106~B108호,
라비도르,859543464,4.7,수원시 권선구 금곡로212번길 25 광일프라자 1층 112호,"분위기: 오픈형 주방 / 방문 목적: 가벼운 간식, 디저트 구매 / 맛: 고소한, 짭짤한 / 동반인: 친구·지인, 가족, 연인·데이트 커플"
옛날빵집,2101978864,4.6,수원시 장안구 장안로89번길 36,
바바플 성균관대점,438967509,4.9,수원시 장안구 서부로2126번길 30 1층 101호,"분위기: 아늑한 / 맛: 달달한, 상큼한, 고소한 / 동반인: 친구·지인, 가족, 연인·데이트 커플"
데일리테이블커피하우스,1811835080,5.0,수원시 영통구 권선로882번길 115-2 1층 101호,
파리바게뜨 영통힐스테이트점,1535824734,2.5,수원시 영통구 망포로 142 1층,
하나당,963025187,0.0,수원시 팔달구 세류로75번길 12 1층,
파리바게뜨 수원센트럴점,1844206589,2.3,수원시 팔달구 인계로 21 상가1동 1층 105호,
케이쿠당,1110511263,0.0,수원시 팔달구 장다리로233번길 21 1층,"분위기: 아늑한, 고급스러운 / 방문 목적: 생일기념 / 동반인: 친구·지인, 가족"
파리바게뜨 영통중앙점,12364515,2.4,수원시 영통구 청명남로 30,
하우디마카롱,861241387,5.0,수원시 장안구 대평로90번길 46 선일프라자 1층 114호,"분위기: 청결한 느낌 / 방문 목적: 디저트 즐기기 / 맛: 달달한, 상큼한 / 동반인: 친구·지인, 가족, 연인·데이트 커플"
코코호도 천천점,8593526,4.2,수원시 장안구 만석로19번길 25-3 강민클리닉 1층 102호,
슈가퍼즈 케이크,1378113171,,수원시 장안구 영화로 5 1층 101호,
브레드트립,1048301748,5.0,수원시 영통구 태장로54번길 66 1층,
파리바게뜨 수원법원점,12363760,3.3,수원시 영통구 동수원로 515 1층,
감성제빵소,1584120704,5.0,수원시 권선구 탑동로 38,
마이오븐베이크샵 영통시골집,1833990014,4.9,수원시 영통구 청명남로4번길 5-14 1층,
르뱅베이커리,630976179,4.6,수원시 장안구 서부로2135번길 13 1층,
파리바게뜨 화서블루밍점,12364557,3.0,수원시 팔달구 화양로 34 신우아파트상가 1층,
심봉사도로케 광교중흥s클래스점,1553083029,5.0,수원시 영통구 광교호수공원로 277 어뮤즈스퀘어 지하2층 155호,
코끼리밀관 신동점,516625944,0.0,수원시 영통구 권선로908번길 25 104호,
호두당 수원세류점,412500294,5.0,수원시 권선구 세지로 74,
브레댄코 수원역점,177326644,5.0,수원시 팔달구 덕영대로 924 지하1층,
파리바게뜨 힐스테이트푸르지오수원점,326089080,2.5,수원시 팔달구 매산로 99 1층,
커피플라잉스콘 아브뉴프랑광교점,1402629154,,수원시 영통구 센트럴타운로 85 써밋플레이스 1층 B127-1호,"분위기: 아기자기한 인테리어, 따뜻한 분위기, 유럽 감성 / 방문 목적: 디저트 즐기기, 데이트 / 맛: 고소한, 달콤한, 상큼한 / 동반인: 친구·지인, 가족, 연인·데이트 커플"
플라이크,744040921,0.0,수원시 권선구 정조로566번길 39 1층 Flike,"분위기: 아늑한, 감성적인, 깔끔한 / 방문 목적: 기념일 / 맛: 달콤한, 담백한 / 동반인: 친구·지인, 가족, 연인·데이트 커플"
명인제빵소,1668551176,4.6,수원시 영통구 태장로 72 1층,
하우에버,1697795004,4.0,수원시 장안구 송원로 20,"분위기: 아기자기한, 따뜻한 / 방문 목적: 디저트 구매 / 맛: 고소한, 달달한 / 동반인: 친구·지인, 가족"
하뚜케이크,359769497,,수원시 팔달구 경수대로428번길 31 덕수빌딩 1층 103호,"분위기: 아기자기한, 편안한 / 방문 목적: 기념일, 답례품 구매 / 동반인: 친구·지인, 가족, 연인·데이트 커플"
엑스에이크,1748528299,5.0,수원시 팔달구 수원천로 316 1층,"분위기: 아늑한, 소소한 / 방문 목적: 디저트 구매, 산책 전후 식사, 조용한 시간 보내기 / 맛: 달지 않은, 진한 / 동반인: 친구·지인, 가족"
빵심이네,21386114,5.0,수원시 팔달구 수원천로264번길 10-1,
달쏭쿠키제작소,1611863174,0.0,수원시 장안구 서부로2167번길 51 1층 104호,
와플대학 광교에듀타운캠퍼스,550074165,2.1,수원시 영통구 도청로17번길 34 1층 106호,
뚜레쥬르 수원고색점,10367678,3.4,수원시 권선구 매송고색로 695 1층,
남문꽈배기,251192279,3.0,수원시 팔달구 수원천로249번길 1,
쿠키&케익,1133962913,3.9,수원시 팔달구 세지로 440 1층,
케사마,1635304776,3.0,수원시 장안구 영화로50번길 27 1층,
파리바게뜨 영통벽산점,13024505,2.0,수원시 영통구 영통로90번길 4-8,
애니벌스케이크,807269523,5.0,수원시 권선구 금곡로 206 우성메디피아 2차 1층 126호,"분위기: 아기자기한 분위기, 깔끔한 분위기 / 방문 목적: 기념일 / 맛: 고소한 / 동반인: 친구·지인, 가족, 연인·데이트 커플"
호노호노,1709275151,0.0,수원시 영통구 권선로882번길 65-5 1층,"분위기: 아기자기한, 아늑한, 귀여운 / 방문 목적: 데이트 / 맛: 달달한, 고소한, 상큼한 / 동반인: 친구·지인, 가족"
꿀돼지과자점,1257521305,5.0,수원시 장안구 장안로217번길 26 1층,
김호두 호매실점,1225121439,5.0,수원시 권선구 금곡로196번길 67,
무이비엔케이크샵,327596809,0.0,수원시 장안구 정조로1110번길 14-5 그랜드빌라 1층 101호,"분위기: 아기자기한, 귀여운, 힙한 / 방문 목적: 기념일 / 맛: 달콤한, 상큼한 / 동반인: 친구·지인, 가족, 연인·데이트 커플"
이빵,1259104066,5.0,수원시 장안구 장안로398번길 11-19 1층,
골든케익,642168643,3.4,수원시 장안구 대평로 128,
슈케익하우스 영통점,1979699915,0.0,수원시 영통구 봉영로 1613 영통하우스토리 지1층 05호,
앤티앤스프레즐 홈플러스영통점,1219357487,5.0,수원시 영통구 봉영로 1576 4층,
브레드앤밀,227842391,4.1,수원시 권선구 동수원로242번길 19 1층 103호,
브레드앤밀,1261230897,4.3,수원시 장안구 만석로19번길 11-7 대일프라자 1층 103호,"분위기: 깔끔하고 편안한, 편안하고 깔끔한 / 방문 목적: 간식, 브런치 / 맛: 고소달달한 / 동반인: 친구·지인, 가족, 연인·데이트 커플"
버터미,629139351,5.0,수원시 장안구 정자천로188번길 75 1층,"분위기: 아기자기한, 귀여운, 조용한 / 방문 목적: 카공, 디저트 즐기기, 간식 / 맛: 달달한, 고소한, 짭짤한 / 동반인: 친구·지인, 가족, 비즈니스·직장 모임"
블랑 광교중앙역점,20642249,3.9,수원시 영통구 광교로 114 데시앙루브 1층,"분위기: 아늑한, 세련된, 넓은 공간감 / 방문 목적: 브런치, 간단한 식사, 데이트 / 맛: 담백한, 고소한, 신선한 / 동반인: 친구·지인, 가족, 비즈니스·직장 모임"
라띠케이크,205710202,4.1,수원시 영통구 권선로882번길 108-8 1층,"분위기: 아기자기한, 감성적인 / 방문 목적: 브라이덜 샤워, 생일기념, 기념일 / 맛: 달지 않은 / 동반인: 친구·지인, 가족, 연인·데이트 커플"
부창제과 스타필드수원점,443776734,1.8,수원시 장안구 수성로 175 1층,"분위기: 레트로한, 모던한 / 방문 목적: 간식, 디저트 즐기기 / 맛: 단짠, 고소한 / 동반인: 친구·지인, 가족"
홀브라운 광교점,527536978,5.0,수원시 영통구 광교중앙로248번길 95-9 1층 104호,"분위기: 아담한, 편안한 / 방문 목적: 간단한 식사 / 맛: 담백한 / 동반인: 친구·지인, 가족"
스트릿츄러스 타임빌라스수원점,1153797360,4.5,수원시 권선구 세화로 134 지하1층,
"ME,롱마카롱하우스",1883055395,0.0,수원시 영통구 동수원로537번길 16-15 1층,
경성찹쌀꽈배기 권선점,1338238022,4.5,수원시 권선구 동수원로177번길 40,
쎄종,805648129,,수원시 장안구 경수대로927번길 20 갤러리하우스 A동 1층 101호,"분위기: 프랑스식 스타일 / 방문 목적: 디저트 구매, 야구 관람 전후 식사 / 맛: 담백한, 고소한, 달달한 / 동반인: 친구·지인, 가족"
파리바게뜨 광교더샵레이크시티점,2076926913,2.1,수원시 영통구 광교호수공원로 20 더샵 광교레이크시티 근생1동 1층,
앤티앤스프레즐 롯데몰 광교점,657642263,4.0,수원시 영통구 도청로 10 3층,
파리바게뜨 수원경희대점,609997131,3.3,수원시 영통구 덕영대로 1705 1층,
앙금앤케이크,866356428,5.0,수원시 팔달구 정자천로14번길 40 1층,
모닝사이드,2045252460,5.0,수원시 장안구 화산로 211 1층,
파리바게뜨 수원삼성전자점,12363277,5.0,수원시 영통구 삼성로 129 I-14동 1층,
가또브랑제리,13121665,5.0,수원시 권선구 고색로14번길 39 1층 104호,
생일파티케이크,1604054167,0.0,수원시 권선구 금곡로118번길 24 리치빌딩 2층 206호,"분위기: 감성적인, 세련된 / 방문 목적: 기념일 / 동반인: 친구·지인, 가족, 연인·데이트 커플"
와플대학 성균관대역캠퍼스,1480272698,3.5,수원시 장안구 서부로 2133 1층 101호,
몽슈슈 수원AK점,584570492,0.0,수원시 팔달구 덕영대로 924 지하1층,
파리바게뜨 호매실역점,254642757,3.3,수원시 권선구 금곡로 213 호매실딜라이트타워 1층,
파리바게뜨 수원칠보점,12363628,3.8,수원시 권선구 금호로53번길 2 1층,
행복한찹쌀꽈배기,1757134109,5.0,수원시 권선구 매송고색로 873,
굼굼베이크,1762472039,5.0,수원시 영통구 광교호수공원로 277 광교중흥에스클래스 지하2층 70호,"분위기: 깔끔하고 편안한 분위기 / 방문 목적: 간식 / 맛: 달콤한 / 동반인: 친구·지인, 가족, 어린이 동반"
호영,2090343531,4.3,수원시 장안구 조원로 30-3 1층 101호,
뺑띠에,435959130,,수원시 영통구 권선로882번길 26-55 101호,"분위기: 프랑스 감성, 아담한 / 방문 목적: 간식 / 맛: 고소한, 상큼한, 바삭한 / 동반인: 친구·지인, 가족, 연인·데이트 커플"
베이커리빵마을,27337960,4.3,수원시 팔달구 동말로 45,
안델센과자점,21351372,5.0,수원시 영통구 매영로310번길 12,
별별케이크,1888823801,0.0,수원시 권선구 동수원로146번길 144-6 1층,
파리바게뜨 수원금곡칠보점,21212436,1.1,수원시 권선구 금곡로 100 칠보프라자 1층 109~110호,
휴반어스,1656973272,4.5,수원시 영통구 법조로 25 광교SK뷰레이크 A동 3308호,
뉴욕꽈배기 호매실점,1768822875,5.0,수원시 권선구 호매실로 100 줌시티 103호,
뚜레쥬르 망포역플래티넘점,1036081093,0.0,수원시 영통구 덕영대로 1470,
팡드슈,2003460263,5.0,수원시 권선구 금곡로196번길 61 에스지프라자 109호,
플로렌쑤,312501845,0.0,수원시 장안구 수성로289번길 39 1층,
메이,2050362997,5.0,수원시 영통구 매영로 85,
밀싹,1966960259,5.0,수원시 영통구 도청로89번길 43 에듀프라자 1층 108호,
유과당,281555994,5.0,수원시 팔달구 중부대로 191 1층 101호,
파리바게뜨 수원터미널점,12364485,1.7,수원시 권선구 덕영대로1201번길 22 101호,
작은다락,27300714,4.2,수원시 영통구 매탄로140번길 54-2 1층,
따끈따끈베이커리,199070961,0.0,수원시 영통구 법조로 25 광교SK뷰레이크 1층 118호,"분위기: 아늑한, 심플한, 포근한 / 방문 목적: 간단한 식사, 디저트 즐기기 / 맛: 이국적인, 달콤한 / 동반인: 친구·지인, 가족, 혼밥·혼술"
담담,1908486679,0.0,수원시 영통구 권선로882번길 31-8 1층 103호,"분위기: 귀여운, 편안한 / 방문 목적: 답례품 구매, 간식 / 맛: 달달한, 고소한 / 동반인: 친구·지인, 가족, 어린이 동반"
스마일명품찹쌀꽈배기,924887138,5.0,수원시 영통구 태장로 83,
가또브랑제리 오목천점,2090988148,3.5,수원시 권선구 삼천병마로 1593 1층,
해태제과 남부지사 수원영업소,15202421,0.0,수원시 영통구 매봉로46번길 29,
로티맘 권선SK뷰점,8933388,0.0,수원시 권선구 권선로694번길 25 1층,
달콤구움베이킹스튜디오,1741051977,0.0,수원시 영통구 매탄로140번길 54-12,
과일루팡 권선아이파크점,1633872483,5.0,수원시 권선구 동수원로177번길 90,
소르샘,36994396,5.0,수원시 팔달구 경수대로421번길 13,
범브레드,124880548,5.0,수원시 영통구 광교호수공원로 277 지하1층 026호,"분위기: 깔끔한 분위기 / 방문 목적: 간식 / 맛: 담백한, 달콤한 / 동반인: 친구·지인, 가족"
권경일 베이커리,734915691,4.8,수원시 영통구 법조로149번길 22,"분위기: 깔끔한, 정성 가득한 / 방문 목적: 간식, 데이트 / 맛: 고소한, 달달한 / 동반인: 친구·지인, 가족, 연인·데이트 커플"
코코호도 망포역점,2082826728,4.7,수원시 영통구 덕영대로 1505 1층 104호,"분위기: 청결한 / 방문 목적: 답례품 구매, 간식 / 맛: 고소한, 달콤한 / 동반인: 친구·지인, 가족, 어린이 동반"
한아름제과,27440795,5.0,수원시 권선구 권선로 748 1층,
라피셀,185578149,4.8,수원시 영통구 광교중앙로 180 광교효성해링턴타워레이크 지하1층 106호,
레벨리케이크,708937536,2.0,수원시 팔달구 중부대로 80 인계한양수자인 101동 110호,
정지훈과자점,321411101,5.0,수원시 장안구 만석로210번길 77 삼풍프라자빌라트 지하1층 24~25호,
홀리데이케이크,1273660415,0.0,수원시 팔달구 정조로 848-1 정월재 빌딩 1층 홀리데이케이크,
나우온브레드,1950540483,5.0,수원시 권선구 서수원로577번길 305 B228호,"분위기: 귀여운 인테리어, 편안한 분위기 / 방문 목적: 간식, 디저트, 식사 / 맛: 짭짤한, 고소한, 달콤한 / 동반인: 친구·지인, 가족"
위즈덤케이크,1469028691,4.0,수원시 권선구 오목천로152번길 60 고색리치아노 1층 123호,
이레베이크,1129810488,,수원시 영통구 동수원로514번길 22 1층 103호,"분위기: 아늑한, 감성적인 / 방문 목적: 기념일 / 맛: 달콤한 / 동반인: 친구·지인, 가족, 연인·데이트 커플"
영원한순간,660196834,5.0,수원시 장안구 화산로125번길 5 천천푸르지오 상가동 305호,
하르당 팔달문점,2081405292,5.0,수원시 팔달구 정조로 787-2 1층 101호,"방문 목적: 디저트 즐기기, 간식 / 맛: 담백한 / 동반인: 친구·지인, 가족"
한아스콘,1078707938,4.4,수원시 장안구 율전로101번길 13 1층,
행복한찹쌀꽈배기 경기대점,216396415,5.0,수원시 장안구 광교산로 142 신미주아파트 상가동 1층 101호,"분위기: 편안한, 야외 테이블 / 방문 목적: 간식, 데이트 / 맛: 바삭한, 쫀득한, 달달한 / 동반인: 친구·지인, 가족, 연인·데이트 커플"
피스인피스,1026892580,,수원시 영통구 에듀타운로 101 에듀하임1309오피스텔 103동 118호,
정병창과자점,10716278,4.5,수원시 권선구 세권로316번길 4 1층,
유현당,1146140559,4.8,수원시 영통구 광교중앙로248번길 7-2 B동 1층 104호,"분위기: 아늑한, 차분한, 귀여운 인테리어 / 방문 목적: 디저트 즐기기, 데이트, 조용한 대화 / 맛: 담백한 / 동반인: 친구·지인, 가족, 연인·데이트 커플"
제이더블유브레드 J.W.BrEAd,1127556812,5.0,수원시 권선구 동수원로146번길 62-20,
스마일꽈배기 화서점,754322421,5.0,수원시 팔달구 일월로22번길 22-5 서수원프라자 1층 109호,
나나쓰플라워케이크,1089093795,0.0,수원시 장안구 일월로82번길 19-9 1층 101호,"분위기: 아름다운 인테리어, 깨끗한 환경 / 방문 목적: 기념일, 상견례 / 맛: 달달한, 고소한 / 동반인: 친구·지인, 가족"
달달주머니,933929174,0.0,수원시 영통구 매여울로53번길 21-1 1층,
수원찰보리호두과자 본점,854720070,5.0,수원시 팔달구 정조로 797-1 1층,
이숲케이크,1439790489,,수원시 팔달구 효원로235번길 50 정석타워 2층 201호,
미퐁드르,1450359877,0.0,수원시 권선구 세권로138번길 13 하우스타 1층,
루시카토 수원NC백화점점,1449664386,4.0,수원시 권선구 경수대로 270 할인점동 1층,
스윗욜랑,1227813142,0.0,수원시 장안구 영화로38번길 26 1층 101호,
스마일명품찹쌀꽈배기,999463730,,수원시 권선구 금호로 19 1층,
또띠앙과자점,21385990,3.3,수원시 장안구 창훈로 62,
자미당 화서점,2089953231,4.5,수원시 팔달구 동말로 79,
광교빵명장,1445445573,4.0,수원시 영통구 중부대로345번길 20 1층,
파리바게뜨 아주대병원점,2041247700,3.0,수원시 영통구 월드컵로 164 지하 1층,
파리바게뜨 경기남부지방경찰청점,13024515,0.0,수원시 장안구 창룡대로 223,
칭푸드,25802751,0.0,수원시 권선구 일월천로15번길 21-7,
수제명과,370428643,5.0,수원시 영통구 매여울로53번길 21-1 1층,
브레댄코 광교복합체육센터점,1528955626,0.0,수원시 영통구 광교호수로 151 1층,"분위기: 깔끔하고 편안한 분위기, 화이트 인테리어 / 방문 목적: 간식, 브런치, 운동 후 식사 / 맛: 짭짤한, 달달한 / 동반인: 친구·지인, 가족"
협동조합 장씨보부상,1844502277,0.0,수원시 권선구 세권로62번길 46 1층,
올인베이커리,1413462947,0.0,수원시 팔달구 팔달로 99 1층,
모어 브레드,1965738674,4.9,수원시 영통구 법조로 25 상가동 지하 107호,"분위기: 아늑한, 조용한 / 방문 목적: 브런치, 간단한 식사 / 맛: 담백한, 고소한, 매콤한 / 동반인: 친구·지인, 가족, 연인·데이트 커플"
쉬즈베이글 성대점,744702475,3.9,수원시 장안구 서부로2106번길 22 1층,
러블리크림,1782294097,0.0,수원시 팔달구 경수대로 599-5 1층 101호,
더트러플베이커리 스타필드수원,1101548468,2.4,수원시 장안구 수성로 175 4층,"분위기: 모던한, 깔끔한, 세련된 / 방문 목적: 디저트 즐기기, 데이트 / 맛: 트러플 향이 가득한, 담백한 / 동반인: 친구·지인, 가족, 연인·데이트 커플"
사월의 케이크,248735458,,수원시 영통구 에듀타운로 101 103동 112호,
뿌야베어,1035812095,5.0,수원시 권선구 매탄로 11 현대아파트 상가동 108호,"분위기: 따뜻한, 감성적인 / 방문 목적: 디저트 즐기기, 답례품 구매 / 맛: 고소한, 달달한, 짭짤한 / 동반인: 친구·지인, 가족"
해브어스윗타임,1443178200,5.0,수원시 권선구 당수1로 15 상가동 106호,
쿠키가닉,11651158,5.0,수원시 영통구 청명남로4번길 6 쿠키가닉,"분위기: 아담하고 예쁜 매장 / 방문 목적: 답례품 구매 / 맛: 달지 않은 / 동반인: 친구·지인, 가족, 비즈니스·직장 모임"
오엔케이크,1679073542,0.0,수원시 장안구 경수대로994번길 49 1층 106호 CAKE ON,
니어위시,197308853,0.0,수원시 팔달구 정조로631번길 3 1층 102호,
청온담,1019213457,0.0,수원시 팔달구 창룡대로 20,
추억의찹쌀꽈배기,908965177,5.0,수원시 영통구 동수원로514번길 6,
모구바 매탄점,1990601916,0.0,수원시 영통구 매여울로40번길 42-2,
앤티앤스프레즐 수원호매실점,1402094664,4.3,수원시 권선구 금곡로102번길 30 1층 112호,"분위기: 아기자기한, 깨끗한, 편안한 / 방문 목적: 간식 / 맛: 고소한, 달달한, 짭짤한 / 동반인: 친구·지인, 가족, 어린이 동반"
라라네케이크,937812360,0.0,수원시 권선구 금곡로196번길 102 세종헤르메스오피스텔 1층 107호,"분위기: 아기자기한, 편안한 / 방문 목적: 기념일 / 맛: 달콤한 / 동반인: 친구·지인, 가족, 연인·데이트 커플"
유어오운케이크,51488948,0.0,수원시 영통구 반달로35번길 30 아이파크 2층 223호,
